{"cameraMode":{"drawMode":0,"name":"Shaded","section":"Shading Mode"},"sceneLighting":true,"audioPlay":false,"sceneViewState":{"m_AlwaysRefresh":false,"showFog":true,"showSkybox":true,"showFlares":true,"showImageEffects":true,"showParticleSystems":true,"showVisualEffectGraphs":true,"m_FxEnabled":true},"in2DMode":false,"pivot":{"x":13.846266746520996,"y":-8.689422607421875,"z":15.543146133422852},"rotation":{"x":0.24675077199935914,"y":0.42872878909111025,"z":-0.12295452505350113,"w":0.8603230118751526},"size":18.095144271850587,"orthographic":false}